219.745468,61.741997,1.683401,0
341.261017,82.158882,10.352489,0
141.773743,187.502670,54.907074,1
192.220825,30.924406,22.349924,0
793.957336,259.263916,31.988892,1
1271.169189,128.211304,22.657553,0
496.584961,191.494476,21.659901,0
1507.296997,151.100204,22.802820,0
1007.074158,386.361267,34.866482,1
376.839508,244.907974,36.432388,1
366.838593,275.560760,31.059601,1
495.434418,101.513718,8.088017,0
749.971008,342.652679,34.232002,1
218.506424,243.516342,37.444992,1
127.790154,15.341658,-6.816920,0
1288.958374,-86.632896,8.023928,0
1395.870850,-94.817955,10.927152,0
2669.615723,28.598896,39.154030,1
1439.060669,53.172390,15.565050,0
2276.393799,2.780238,27.526167,0
1381.267700,143.354584,24.509720,0
377.105011,464.183472,49.367657,1
2387.908691,293.542297,57.393719,1
2564.915771,170.326843,44.041870,1
624.118774,189.242233,27.291178,0
1970.702148,46.946629,26.652424,0
419.409760,258.824432,37.207859,1
2727.762695,-46.952728,35.979492,1
2251.082031,-93.279823,23.381756,0
2277.632812,24.662012,28.587908,0
676.689941,245.933395,32.604145,1
319.312103,33.341469,5.669728,0
499.328583,-4.342789,2.035890,0
152.394180,-10.824919,25.385603,0
2058.143799,-17.178865,21.348003,0
801.745667,246.391205,26.859648,0
2335.957031,239.506226,36.094852,1
2158.949707,70.439774,25.718863,0
189.300201,-27.121798,3.473617,0
622.171692,272.960602,31.751760,1
951.759399,317.236847,28.726767,0
881.310486,180.324707,16.556290,0
109.027374,61.174351,-7.177954,0
167.262802,166.078674,50.694298,1
243.287460,304.766968,55.921810,1
199.478134,-83.025604,-4.789575,0
147.172455,108.856461,53.759880,1
1135.935547,378.981903,31.899164,1
1396.490356,31.437120,16.889553,0
585.796692,173.549606,23.189491,0
872.814148,-25.272379,12.561419,0
763.246521,175.563828,15.310830,0
150.712601,215.079193,42.990814,1
2819.187012,11.862546,49.621876,1
522.428040,216.580704,24.437086,0
1138.856201,-3.720203,7.669301,0
1238.953857,288.305298,27.694939,0
1475.524170,166.939301,21.969666,0
2273.561768,436.075928,51.198463,1
373.741882,-46.128727,-0.493484,0
401.355042,363.930176,50.781887,1
2824.497314,-76.342049,50.328987,1
618.454529,-98.004089,-5.048067,0
1932.999756,-27.579578,18.214058,0
1600.668335,442.393280,35.765862,1
181.511887,315.204315,55.526596,1
2428.620117,396.194336,44.323860,1
2757.588379,-35.087132,48.152103,1
257.005524,184.151733,29.773554,0
2290.820068,141.450241,34.321724,1
2693.688721,9.665209,53.099766,1
2173.729736,404.983673,44.855801,1
272.759186,-64.275032,-1.587268,0
216.647858,46.745201,4.475540,0
2476.323730,264.775513,54.862206,1
2505.264404,215.427094,53.672295,1
2624.921387,-27.872557,51.561630,1
819.977417,426.865448,32.713093,1
2707.583740,-14.780113,48.662678,1
1442.512329,229.105515,28.664816,0
468.175293,371.987061,48.502457,1
638.102356,222.330399,21.557360,0
2811.133301,-48.380997,45.861996,1
1973.534424,-80.095825,18.041016,0
958.839661,434.977234,36.851101,1
2661.650391,181.533234,43.180943,1
218.063904,161.262863,38.173466,1
1079.470215,206.875824,25.261696,0
1621.820801,330.640564,33.270668,1
1978.402100,456.804108,38.976715,1
418.701752,298.467957,39.480881,1
2023.273438,320.935699,36.727196,1
316.922516,79.412209,15.449690,0
2745.640381,-17.270428,47.917114,1
989.284973,456.364655,39.190346,1
750.502014,90.197464,8.972443,0
2306.927734,179.189423,57.934204,1
292.407013,39.896851,23.550524,0
1550.221191,209.622482,22.995087,0
272.847687,-44.041260,-2.001709,0
435.959961,376.033813,40.916470,1
1696.606323,226.450409,26.272163,0
192.486343,95.361176,23.287760,0
757.316833,112.317261,10.474258,0
1472.072510,224.069962,23.952148,0
2226.831787,289.056061,35.129246,1
1564.293457,423.606079,34.507587,1
2601.645020,-31.846066,37.408676,1
1124.076050,436.149200,33.016453,1
2075.313721,64.012573,27.630848,0
2261.967773,328.461578,54.868614,1
130.887787,-11.081266,12.736595,0
2416.052734,293.688782,54.088871,1
144.163330,129.309967,56.842556,1
866.441895,19.846186,5.541551,0
792.010254,210.226761,27.090364,0
754.130676,-68.706322,-1.042512,0
1281.524048,295.263519,24.983978,0
470.476410,410.513641,39.897457,1
2145.320068,-23.075041,25.451826,0
400.115967,275.853760,41.809444,1
562.874268,-92.254402,2.952361,0
252.934357,196.768082,49.359112,1
2178.685791,72.051155,29.803461,0
1342.149170,-43.235569,13.779107,0
208.062988,-3.885007,-6.126896,0
1573.851685,97.045807,22.255928,0
1350.114380,214.035461,22.713097,0
2490.572754,169.173248,51.424908,1
2179.393799,129.309967,28.837854,0
1228.687378,228.336426,23.024994,0
155.137787,-94.543289,-9.414655,0
350.553925,306.946014,43.110443,1
381.972717,77.233185,11.721855,0
2128.327148,19.351784,22.975859,0
764.574097,109.643852,18.113651,0
2336.753418,107.629623,33.629566,1
1144.785889,273.821228,29.062168,0
2167.711426,211.215561,31.775263,1
696.337769,444.004639,39.440292,1
308.780182,-73.979919,-8.850673,0
526.410706,-41.386150,-1.619312,0
506.851379,306.085419,38.382824,1
390.734589,109.936821,24.152960,0
2055.754150,337.836853,38.182011,1
1951.408447,12.320319,24.296091,0
2727.054688,76.079582,47.545395,1
284.707184,282.610535,38.233284,1
117.258217,68.865013,16.917326,0
668.990173,-99.633781,-6.566973,0
312.497314,101.110870,23.099764,0
1049.024902,179.244370,19.192480,0
353.563019,-23.496202,-7.365948,0
2019.113770,213.742493,33.574024,1
2364.809082,214.658020,55.979492,1
469.502869,90.527054,25.381330,0
1281.789551,-24.576559,10.882289,0
2566.685791,166.902679,46.150398,1
2133.372070,136.634415,30.435806,1
2594.299072,203.378403,45.229652,1
2544.471680,211.746567,42.422558,1
573.760193,-30.216377,10.623799,0
2027.963989,446.110413,40.369576,1
213.727219,285.155823,50.672935,1
370.644226,193.508713,29.141209,0
414.984589,-46.787930,1.721854,0
128.852203,177.321686,50.480663,1
1764.400146,414.047668,37.325356,1
2197.183105,35.282452,29.942320,0
801.657166,497.473083,37.442856,1
207.266464,10.196233,0.211494,0
2318.610352,104.736465,59.352703,1
2738.737061,-85.644096,34.387951,1
1463.841675,35.227520,16.549881,0
1684.658325,-46.165348,14.105961,0
2366.933105,248.222290,37.079681,1
896.887085,141.523483,13.601794,0
115.488144,-56.346325,9.914548,0
647.572266,93.328651,15.351421,0
556.147949,98.474083,21.467634,0
193.017365,32.169559,22.790003,0
2076.995117,269.701202,35.864128,1
764.485596,237.308884,22.817774,0
1150.538696,-4.214606,13.343302,0
434.455383,96.734528,20.719931,0
260.811188,-5.972472,-1.397138,0
2664.659668,-4.123053,50.057678,1
2396.139404,293.231018,46.107666,1
2514.911377,193.472092,48.094425,1
723.331421,34.275333,9.410382,0
121.417892,107.519760,13.715018,0
830.066833,-77.330849,2.317880,0
1957.869141,433.310944,35.847038,1
1789.712158,102.996910,23.738518,0
283.202606,111.090424,19.668875,0
483.840454,-7.071140,-1.399274,0
265.855896,-34.409618,-2.886136,0
408.789337,158.388016,17.430037,0
495.788452,384.493530,40.343941,1
2168.861816,436.515411,49.070709,1
717.490173,37.809380,9.431745,0
2228.513428,420.694580,58.963894,1
1591.640869,61.192661,21.518906,0
1356.663696,54.728844,20.014954,0
2678.112061,-38.254948,33.907284,1
1069.292236,402.548309,34.958344,1
655.537598,354.133759,31.803034,1
678.106018,175.801880,19.692373,0
230.542923,80.913727,14.701986,0
2431.629395,210.812698,51.636402,1
217.709885,131.012909,50.818203,1
2530.753418,230.130936,53.727837,1
1269.045044,-6.668291,16.908781,0
2566.685791,168.825348,46.530655,1
1563.850708,210.757767,25.439009,0
2573.943359,200.430298,46.643879,1
1581.640137,-57.939392,17.248451,0
1561.195679,498.553436,39.346294,1
593.585022,265.086853,32.469559,1
1475.966675,297.222809,27.575306,0
205.850403,-11.410874,5.058749,0
235.587631,215.518646,52.281567,1
2554.384033,231.431015,48.053837,1
1798.031616,325.000763,33.283489,1
1182.930908,-29.960022,10.587481,0
431.977295,156.959747,16.494339,0
236.561172,98.236023,25.434736,0
249.305710,48.667862,25.819269,0
1517.032349,373.763214,32.384106,1
2750.685059,47.935425,40.655842,1
611.374268,237.217331,32.736595,1
2333.921143,109.717094,35.001068,1
531.455444,241.410553,36.464432,1
2447.471436,26.035339,29.600513,0
2222.672363,59.764404,28.276009,0
1718.112793,365.486603,31.418501,1
2511.725342,-43.253883,58.109379,1
1065.486572,333.350647,32.696003,1
355.067596,387.551514,51.856438,1
960.078735,305.737457,32.315746,1
1999.023315,270.049133,33.939327,1
243.198944,347.193848,56.727196,1
2404.989746,363.728760,44.311043,1
717.755676,335.346527,35.445415,1
2248.603760,428.019073,41.993164,1
391.973633,148.811310,18.974579,0
2191.961426,497.473083,53.565479,1
2841.843994,-96.630760,46.043579,1
2406.582764,342.341370,44.979706,1
886.620728,157.362579,20.758385,0
1975.392944,392.275757,38.596451,1
326.126892,-39.628284,-9.527879,0
2178.508789,340.986359,37.000641,1
1514.996826,448.985229,36.218758,1
2509.778076,-19.577629,56.840420,1
2378.792725,350.086975,41.012604,1
2827.506348,-11.575669,38.177738,1
120.621353,16.110718,-6.092715,0
1653.682007,149.507126,24.069643,0
1866.533447,-29.520555,20.164494,0
2176.207764,315.277557,37.867977,1
979.815063,93.017357,15.321511,0
1111.508545,336.317017,30.249945,1
2136.381104,-61.400188,25.930357,0
1389.941040,35.685291,20.121769,0
190.362259,84.868935,32.349926,1
1542.432861,372.060303,32.360607,1
1490.835327,319.965210,30.647297,1
320.639679,99.975578,27.393721,0
1772.896484,282.500671,33.975647,1
2626.160400,110.248116,41.916260,1
735.898926,-16.537979,1.674856,0
2574.562744,160.383911,37.861568,1
2211.697754,-69.621872,22.070070,0
860.246521,460.740967,40.986969,1
438.084045,476.488556,46.866055,1
1903.970337,165.016632,26.799828,0
1765.373657,70.714432,21.843624,0
353.474518,347.468506,50.168766,1
2321.176758,3.897217,28.942533,0
1244.529541,278.087738,30.098269,1
448.438965,-19.229710,-5.567187,0
1041.856201,-4.287848,10.922879,0
1258.513184,397.622620,33.110447,1
1112.039551,-82.366402,8.985260,0
301.434357,369.917908,53.118992,1
1599.783325,-55.357525,16.720787,0
281.609528,-90.185249,-5.071566,0
1603.323364,-40.177620,19.051485,0
351.704468,67.162079,17.767570,0
2499.600342,223.099472,53.939331,1
1324.979492,442.832733,33.571888,1
945.475647,252.049301,21.491135,0
2428.974121,-13.077179,29.047215,0
796.169922,148.243668,16.180304,0
2486.678711,38.175606,55.853451,1
1314.624512,-17.032381,10.869472,0
462.245544,-20.053711,-0.531938,0
2027.432983,362.868134,36.385387,1
1395.959351,203.579819,26.836143,0
1231.253906,98.602257,19.450972,0
1899.102783,67.400131,26.500748,0
1353.477661,95.489372,16.744286,0
735.367920,25.064854,7.598803,0
578.096863,163.405258,21.271095,0
829.181763,140.351562,23.770561,0
2760.951660,-34.409618,50.784023,1
2009.201294,-36.588642,21.303141,0
2222.229736,301.251251,37.442856,1
793.514832,349.116486,34.687035,1
601.727356,197.354034,22.345652,0
545.527527,-2.035588,0.136723,0
2528.098389,137.366867,54.772484,1
1837.504272,414.157532,35.112156,1
353.386017,229.563278,26.558426,0
2091.686768,249.650543,32.873318,1
251.518295,263.182465,42.905361,1
776.079590,272.649323,27.801750,0
957.158142,11.972409,15.112155,0
2641.825684,23.599964,44.477673,1
799.533081,-92.803734,-1.249733,0
1079.116211,-62.791832,7.547533,0
2015.396606,259.721680,31.525316,1
1870.427612,248.039185,30.514847,1
799.975586,394.070282,32.640461,1
101.062042,38.560139,58.919033,1
907.950073,327.454468,26.767784,0
2044.248779,386.837341,59.867550,1
1117.438232,49.455242,15.191197,0
2828.568359,-23.148293,40.884426,1
2341.267090,-85.168007,28.722494,0
2086.288086,228.373047,30.288401,1
115.842155,68.388924,-1.422773,0
1823.520508,382.039856,36.812645,1
2295.599365,331.281464,39.034397,1
603.762939,306.469940,37.498398,1
753.776672,198.855560,22.117069,0
778.380676,433.384186,38.666950,1
2326.841064,276.219971,39.602650,1
1471.010498,-3.006074,13.601794,0
2290.112061,288.854645,59.636829,1
2762.190674,3.860587,38.959625,1
1056.105225,92.522972,14.815210,0
1941.141968,50.022888,26.462296,0
267.625977,32.975250,7.944882,0
107.876831,-9.543136,22.715233,0
105.752739,199.020355,46.780602,1
1447.026001,14.774013,17.769707,0
1258.690186,282.811981,25.189060,0
531.720947,231.723984,34.264046,1
568.892456,406.558411,43.435165,1
880.779480,482.879089,37.417221,1
2481.899658,292.791534,47.829525,1
2799.893311,-29.575487,51.106602,1
1484.994019,-45.762505,17.449265,0
455.342255,102.246162,10.209358,0
1507.119995,357.264923,32.279427,1
2047.523438,493.664368,44.031189,1
847.856079,220.755646,20.583208,0
1959.373657,211.270493,33.219398,1
127.524643,-59.678947,1.102329,0
580.663452,-92.565689,4.058961,0
2024.246948,288.286987,34.018372,1
1523.935669,408.316315,31.350138,1
219.745468,196.841339,49.339886,1
788.293091,307.000946,33.362530,1
1364.098022,186.220886,26.829735,0
1835.911011,73.479416,20.922878,0
182.308426,193.105865,42.898952,1
2086.288086,436.918243,59.920956,1
1001.586914,412.198242,31.234781,1
1155.317871,306.799530,31.561632,1
526.410706,244.926285,31.779535,1
2424.283447,194.222839,57.564621,1
1548.362671,105.084381,24.593035,0
1384.276855,331.391327,28.098698,0
895.471069,473.430573,34.313179,1
404.364136,225.589783,32.830589,1
2422.425049,52.678005,56.259346,1
643.235596,430.875580,44.954071,1
453.749207,-57.939392,5.505234,0
649.961853,76.793732,12.563555,0
2084.340820,17.484055,25.541552,0
288.601318,422.873627,57.148045,1
1206.561523,462.736877,36.049992,1
227.091278,129.969162,32.565689,1
2082.570801,387.166992,42.971584,1
2268.871094,29.624313,27.259134,0
2538.807373,70.732742,37.090363,1
2121.778076,269.115265,32.813499,1
377.105011,14.975429,-2.807092,0
449.501038,59.855957,16.126896,0
161.775574,212.369171,59.750053,1
749.882507,407.913422,38.980988,1
691.647095,-97.582932,-6.526383,0
2612.265381,48.539688,52.262337,1
2630.231689,64.067505,38.357189,1
739.350586,60.808121,17.744072,0
575.884277,352.632202,35.943176,1
2016.193115,393.594147,39.474472,1
581.371521,389.986877,40.839565,1
438.703552,-31.919308,9.773552,0
541.633362,133.558167,20.807520,0
438.438049,197.701950,25.616320,0
969.814148,126.160469,15.720999,0
677.840515,-53.819393,7.303995,0
193.194366,215.207367,56.789146,1
123.099457,-57.609791,6.116215,0
1068.584229,5.618453,12.809230,0
491.451752,229.819626,32.980129,1
1546.681152,257.359528,29.935911,0
2226.831787,356.569122,40.993378,1
1183.196411,9.628588,11.121555,0
131.064789,1.242107,-5.569323,0
265.767395,-51.860100,-4.706259,0
2344.099121,54.600670,58.199104,1
431.623260,183.748886,24.003418,0
575.087769,468.230225,48.628498,1
891.753906,405.166779,35.210426,1
1472.692017,331.995605,29.455246,0
734.040344,365.266876,34.274727,1
1215.588867,243.681137,28.451185,0
1892.022339,354.445038,37.660759,1
396.487335,239.744263,44.360180,1
1998.669312,173.311554,28.243965,0
2264.711426,436.753448,42.296516,1
2310.644775,280.028687,58.006836,1
1853.965942,339.905975,35.902588,1
252.757355,16.183969,16.611834,0
1881.490601,128.431046,28.376417,0
576.769348,468.138672,46.402481,1
2527.656006,223.667099,54.174320,1
2331.443115,315.314178,37.737663,1
1418.439331,277.538361,25.930357,0
792.098755,-74.987030,8.701133,0
160.713516,94.482254,46.321301,1
2309.936768,11.679432,30.758385,1
2661.827393,7.705927,52.681049,1
1429.413696,99.444557,20.675070,0
1214.349731,98.602257,16.171759,0
2211.520752,52.476574,31.241190,1
2797.946045,-92.382584,36.566975,1
858.742004,60.679947,10.826747,0
203.018280,401.486267,56.193119,1
2887.600342,-95.458847,38.831444,1
613.586853,417.435242,43.131809,1
616.241943,256.077759,33.304852,1
2121.335449,393.868805,43.373211,1
628.455444,-64.549698,4.748986,0
120.090332,-30.399488,-3.388165,0
1678.817139,117.957092,26.013670,0
1266.036011,473.009430,35.255287,1
1554.292480,-31.772820,17.308266,0
1869.719482,116.052742,25.917540,0
726.252014,310.956146,35.526596,1
2398.352051,293.231018,47.453533,1
893.258423,84.044922,13.270668,0
154.518265,231.156357,47.229225,1
536.765625,5.197301,-0.076907,0
2477.916748,238.718826,54.415722,1
1503.668335,197.280792,28.382826,0
1906.094604,285.100891,35.385601,1
1927.600952,467.058319,40.957062,1
1753.337158,-88.756981,17.654348,0
2434.284424,12.466812,34.680626,1
477.733704,363.454071,41.830807,1
2146.293457,437.266144,59.760735,1
1891.933838,449.443054,39.839779,1
2720.593994,18.472851,43.249302,1
2550.932373,-87.383652,33.768425,1
712.179932,481.011383,42.839134,1
1055.751221,38.431953,14.582355,0
950.431824,145.149078,16.481520,0
2035.840942,72.142708,24.879299,0
1583.941162,490.075409,35.580002,1
416.843170,66.045097,10.307627,0
142.304764,192.428360,45.511642,1
591.991943,-67.845695,1.662038,0
1609.872803,248.442017,27.752617,0
2627.665039,61.650444,34.992523,1
2315.158447,247.233490,58.342236,1
1785.110107,95.031586,26.765648,0
1312.765869,236.649673,26.479385,0
984.948242,148.738052,23.180943,0
490.920746,310.846283,41.807308,1
1974.507935,159.688095,27.543262,0
1134.253906,160.274048,19.555649,0
166.554764,-6.064024,12.033752,0
1388.171021,136.176636,22.426830,0
1355.778687,436.899933,31.753897,1
892.461914,-66.490677,0.587482,0
2251.436035,410.477020,53.697929,1
493.664368,260.490753,30.696434,1
829.447327,126.874596,13.616748,0
1780.684937,391.286957,37.447128,1
622.260193,56.157101,17.865841,0
2400.830078,201.547272,52.749413,1
103.097626,46.488846,25.342873,0
658.546692,-29.062778,-1.741081,0
2543.675049,205.374329,40.294807,1
1774.224121,455.943451,39.955135,1
1690.853638,199.569687,24.885708,0
1897.598145,197.555466,32.176884,1
2649.437012,105.267487,37.688530,1
1022.650879,-70.647301,4.979705,0
1886.712158,498.260437,40.751976,1
292.407013,146.943558,29.649647,0
2544.471680,159.321884,44.150822,1
1545.973145,58.720665,22.332834,0
2744.578369,-95.843376,44.283272,1
2478.624756,46.946629,36.357616,1
185.494553,170.729691,52.401196,1
439.765625,178.310501,33.691521,1
1324.979492,264.958618,27.192907,0
1064.070557,-19.211399,10.967743,0
309.134186,-6.851405,-7.477035,0
206.912445,-27.359844,11.606494,0
1187.090698,78.423401,18.587908,0
2520.221436,281.017487,51.395000,1
228.507339,297.552399,54.291817,1
1295.950195,-38.346508,15.377056,0
2103.457764,388.558624,58.149967,1
1835.026001,191.293060,25.979490,0
2695.989746,141.358688,47.848751,1
970.345154,-87.878052,5.840632,0
1745.194824,296.142456,31.749624,1
454.191711,-97.088531,0.833155,0
1687.490356,373.122345,32.230293,1
1065.309570,496.008179,35.101475,1
302.496399,17.520676,3.484298,0
2795.822021,-31.022064,51.873531,1
341.084015,172.560806,34.377270,1
533.845032,207.003998,28.316597,0
2439.063721,163.533432,57.654346,1
943.794067,-47.849972,8.162786,0
918.216492,189.352097,25.772272,0
277.361359,30.704672,13.747062,0
2628.461426,85.546440,44.714806,1
431.446259,70.952484,6.299936,0
1717.847290,368.306549,31.687674,1
2709.619385,-14.999848,46.603291,1
2759.181396,-74.163033,42.343517,1
2562.968750,268.749054,48.335827,1
2469.685791,319.507446,48.491776,1
1312.234863,368.929108,29.980772,0
1556.947510,29.935610,20.875881,0
2120.008057,385.464020,59.957275,1
2263.560791,422.012970,56.566975,1
2280.553711,379.274872,44.387951,1
776.256592,123.761711,17.846613,0
1083.452881,344.850006,28.842127,0
635.004761,379.201630,40.100403,1
385.955383,34.586624,2.710959,0
1300.021362,179.757065,21.168554,0
983.443726,35.538807,10.100406,0
515.436218,464.934235,49.935909,1
228.949860,160.621964,49.673145,1
2325.513428,416.537994,44.597305,1
2410.034424,47.257915,56.519978,1
2474.111084,173.000275,36.707970,1
942.997559,247.288422,27.171545,0
2468.004395,289.422272,49.743645,1
2150.276123,411.868652,40.722069,1
659.520264,-39.353619,7.363811,0
2443.046387,321.942810,42.516556,1
1185.940063,227.896973,26.930143,0
757.405334,214.603088,25.618460,0
1529.865479,177.486496,23.627430,0
1794.137329,390.115051,34.253365,1
2585.183350,38.908047,39.096348,1
983.709229,380.446777,34.251228,1
1396.047852,377.919861,29.920958,0
538.978210,335.401489,35.283058,1
319.046600,89.025551,7.750482,0
734.040344,127.112648,13.283487,0
2467.030762,63.206894,36.780602,1
588.717285,-35.361797,5.394146,0
2461.809082,12.631607,30.608845,1
2171.959717,156.831558,31.294596,1
1207.446533,169.997253,21.262550,0
1147.175537,21.805477,9.940185,0
441.358673,82.616661,19.371929,0
697.576843,-74.236275,4.531083,0
2237.717773,233.939636,37.682121,1
2313.123047,456.804108,52.743004,1
705.099609,294.421234,35.116428,1
639.783936,276.293213,25.990171,0
2078.676758,474.712341,44.343086,1
315.771973,406.082336,48.857079,1
2481.633789,346.900818,47.297585,1
2430.567139,262.431702,54.257637,1
935.917236,465.996277,39.602650,1
232.667023,122.956017,23.309122,0
1073.009521,188.894318,18.532364,0
1320.554199,202.627640,26.094852,0
818.207336,473.375641,38.357189,1
163.191620,-30.802334,10.305490,0
1972.826416,278.655365,32.157658,1
1632.441284,126.306953,21.862850,0
2791.573730,50.956760,45.998718,1
457.466370,428.257111,52.514420,1
960.786743,100.415054,13.499252,0
266.209900,114.661087,38.122196,1
611.993774,272.374664,37.579578,1
1274.974854,159.266937,18.720358,0
499.594086,417.581726,47.083958,1
430.649750,56.358536,12.728048,0
390.734589,254.704437,32.911770,1
203.549301,124.109612,20.534075,0
849.714661,55.406349,17.071138,0
697.311340,360.139801,37.833797,1
503.488281,66.521194,6.261483,0
2559.517090,146.284363,52.437515,1
2565.358398,221.066925,52.830593,1
1699.880859,69.157997,21.375774,0
2028.671997,243.259995,31.548815,1
